Workbook

Sheet Calc
A1: 10 | B1: apple | D1: =SUM(A1:A5) -> 150 | E1: =IF(A1>5,"big","small") -> big | F1: =VLOOKUP(30,A1:B5,2,FALSE) -> cherry | G1: =CONCATENATE(B1," ",B2) -> apple Banana | H1: =ROUND(2.567,1) -> 2.6 | I1: =DATE(2024,3,5) -> 45356 | J1: ='Other Sheet'!A1+'Other Sheet'!A2 -> 12 | K1: =A1 -> 10 | L1: =1/0 -> #DIV/0! | M1: =_xlfn.LAMBDA(x,x*2)(21) -> 42
A2: 20 | B2: Banana | D2: =AVERAGE(A1:A5) -> 30 | E2: =IF(AND(A1>5,A2<10),1,0) -> 0 | F2: =INDEX(A1:A5,MATCH(40,A1:A5,0)) -> 40 | G2: =LEFT(B3,3)&RIGHT(B3,2)&MID(B3,2,2) -> cheryhe | H2: =ABS(-3.5)+MOD(10,3) -> 4.5 | I2: =YEAR(I1)*10000+MONTH(I1)*100+DAY(I1) -> 20240305 | J2: =SUM('Other Sheet'!A1:A2)*2 -> 24 | K2: =K1+A2 -> 30 | L2: =NA() -> #N/A | M2: =SUM(INDIRECT("A1:A3")) -> 60
A3: 30 | B3: cherry | D3: =MIN(A1:A5)+MAX(A1:A5) -> 60 | E3: =IF(OR(A1>50,A2=20),TRUE,FALSE) -> TRUE | F3: =SUMIF(B1:B5,"apple",A1:A5) -> 50 | G3: =LEN(B2) -> 6 | H3: =POWER(2,10)+SQRT(81) -> 1033 | I3: =I1+30 -> 45386 | J3: ='Q1 ''24'!A1*'Q1 ''24'!B1 -> 20 | K3: =K2+A3 -> 60 | L3: =VALUE("abc") -> #VALUE!
A4: 40 | B4: apple | D4: =COUNT(A1:B5) -> 5 | E4: =IF(NOT(A1=10),"no","yes") -> yes | F4: =COUNTIF(B1:B5,"a*") -> 2 | G4: =UPPER(B1)&LOWER(B2) -> APPLEbanana | H4: =INT(-2.5)+CEILING(2.1,1) -> 0 | I4: =EDATE(I1,2) -> 45417 | J4: =$A$1+A$2+$A3 -> 60 | K4: =K3+A4 -> 100 | L4: =SQRT(-1) -> #NUM!
A5: 50 | B5: Date | D5: =COUNTA(A1:B5) -> 10 | E5: =IF(A1>100,"a",IF(A1>5,"b","c")) -> b | F5: =SUMIFS(A1:A5,B1:B5,"apple",A1:A5,">10") -> 40 | G5: =SUBSTITUTE(B1,"p","P") -> aPPle | H5: =PRODUCT(A1:A3) -> 6000 | I5: =WEEKDAY(I1) -> 3 | J5: =SUM(A:A) -> 150 | K5: =K4+A5 -> 150
D6: =A1+A2*A3-A4/A5 -> 609.2 | E6: =IFERROR(1/0,-1) -> -1 | F6: =MATCH(25,A1:A5,1) -> 2 | G6: =TRIM(" a b ") -> a b | H6: =ROUNDUP(2.1,0)+ROUNDDOWN(2.9,0) -> 5 | I6: =DATE(2024,1,31)-DATE(2023,12,25) -> 37 | J6: =SUM('Other Sheet'!1:1) -> 160
D7: =(A1+A2)*(A3-A4) -> -300 | E7: =_xlfn.IFS(A1>100,"a",A1>5,"b",TRUE,"c") -> b | G7: =TEXT(1234.5,"#,##0.00") -> 1,234.50
D8: =A2^2 -> 400 | E8: =_xlfn.SWITCH(A2,10,"ten",20,"twenty","other") -> twenty | G8: =TEXT(0.256,"0.0%") -> 25.6%
D9: =-A1+10% -> -9.9 | E9: =_xlfn.TEXTJOIN("-",TRUE,B1:B3) -> apple-Banana-cherry
E10: =_xlfn.CONCAT(B1,"/",B2) -> apple/Banana

Sheet Other Sheet
A1: 5 | B1: =Calc!D1+A1 -> 155
A2: 7 | B2: =SUM(Calc!A1:A5)/COUNT(Calc!A1:A5) -> 30

Sheet Q1 '24
A1: 100 | B1: 0.2
